{
  "backend": "bm25",
  "k": 10,
  "metrics": {
    "recall@k": 0.8733333333333333,
    "mrr": 0.831388888888889,
    "ndcg@10": 0.8422805313972254
  }
}
